<?xml version="1.0"?>
<!DOCTYPE hibernate-mapping PUBLIC "-//Hibernate/Hibernate Mapping DTD 3.0//EN"
"http://www.hibernate.org/dtd/hibernate-mapping-3.0.dtd">
<!-- Generated 25-abr-2019 17:51:18 by Hibernate Tools 4.3.1 -->
<hibernate-mapping>
    <class name="usuario.Usuarios" table="usuarios" catalog="usuarios" optimistic-lock="version">
        <id name="idUsuario" type="int">
            <column name="id_usuario" />
            <generator class="assigned" />
        </id>
        <property name="nombreUsuario" type="string">
            <column name="nombre_usuario" length="100" />
        </property>
        <property name="clave" type="string">
            <column name="clave" length="100" />
        </property>
    </class>
</hibernate-mapping>
